date,open,high,low,close,volume
2015-09-08,49.01,49.83,48.81,49.63,15691155
2015-09-09,50.41,50.85,49.66,49.78,16953940
2015-09-10,49.45,50.14,49.07,49.7,13545120
2015-09-11,49.53,50.05,48.95,50.05,11754220
2015-09-14,50.22,50.85,49.93,50.64,14454255
2015-09-15,50.55,50.92,49.9,50.71,14667330
2015-09-16,50.61,52.58,50.58,52.45,22085405
2015-09-17,52.79,53.1,52.14,52.41,17929060
2015-09-18,51.59,52.76,51.5,52.12,18815320
2015-09-21,52.8,54.31,51.16,52.84,30600775
2015-09-22,51.81,52.53,51.17,52.19,18321765
2015-09-23,52.39,52.42,51.52,52.21,13003890
2015-09-24,51.91,52.69,51.24,52.62,17240955
2015-09-25,53.32,53.38,51.23,51.38,18866960
2015-09-28,51.47,51.96,49.32,49.69,24505285
2015-09-29,50.09,50.95,49.09,49.33,18515770
2015-09-30,50.4,50.48,48.47,49.68,24647910
2015-10-01,49.5,49.7,47.43,47.98,22864820
2015-10-02,47.12,49.54,46.99,49.51,22119910
2015-10-05,49.77,49.97,48.83,49.23,18449325
2015-10-06,48.0,48.61,47.12,48.29,26179485
2015-10-07,47.33,47.54,45.82,46.39,34069795
2015-10-08,46.02,46.14,44.26,45.34,30666080
2015-10-09,44.19,44.87,43.67,44.14,30791850
2015-10-12,44.6,44.6,43.05,43.12,19181515
2015-10-13,42.66,44.5,42.23,43.85,25857675
2015-10-14,44.13,44.19,43.09,43.38,15522230
2015-10-15,43.29,44.35,42.74,44.26,14221165
2015-10-16,44.61,46.1,44.57,45.4,21672465
2015-10-19,45.3,46.23,44.99,45.62,12539475
2015-10-20,45.54,45.72,40.4,42.61,74500235
2015-10-21,42.4,42.96,41.76,42.02,20917355
2015-10-22,42.31,43.15,41.88,42.34,14125795
2015-10-23,43.0,43.07,41.54,41.82,21177310
2015-10-26,42.28,43.18,42.0,43.05,16957190
2015-10-27,42.97,43.42,41.5,42.07,17597245
2015-10-28,42.26,42.69,41.66,42.59,13642965
2015-10-29,42.35,42.75,42.13,42.33,9025160
2015-10-30,42.08,42.33,40.78,41.39,22194505
2015-11-02,41.78,43.16,41.44,42.76,19639720
2015-11-03,42.77,42.89,41.55,41.67,41662430
2015-11-04,45.4,46.55,45.04,46.33,63631830
2015-11-05,46.12,46.92,45.84,46.35,22484215
2015-11-06,46.14,46.67,45.9,46.47,12226465
2015-11-09,46.6,46.6,44.86,45.07,19254300
2015-11-10,44.7,44.74,43.22,43.3,23085035
2015-11-11,43.55,43.9,42.73,43.82,16739030
2015-11-12,43.57,43.8,42.53,42.59,14579500
2015-11-13,42.59,42.6,41.3,41.44,17151635
2015-11-16,41.22,43.0,41.16,42.86,14626975
2015-11-17,43.04,43.2,42.28,42.8,10743395
2015-11-18,42.9,44.28,42.5,44.21,14059500
2015-11-19,44.11,45.24,44.06,44.36,12521875
2015-11-20,44.7,45.0,42.72,44.0,22003610
2015-11-23,43.47,43.84,42.94,43.55,12630995
2015-11-24,43.07,44.2,43.0,43.65,12401465
2015-11-25,44.27,46.17,44.08,45.93,19953895
2015-11-27,46.21,46.45,45.4,46.32,9746765
2015-11-30,46.36,46.86,45.82,46.05,13299065
2015-12-01,46.21,47.6,46.21,47.44,18669775
2015-12-02,47.4,47.72,46.25,46.4,14907340
2015-12-03,47.1,47.49,46.0,46.54,14697820
2015-12-04,46.49,46.65,45.53,46.08,12868015
2015-12-07,45.54,47.13,45.23,46.23,15721115
2015-12-08,45.5,45.76,44.84,45.34,13438180
2015-12-09,45.34,45.5,44.14,44.9,15288765
2015-12-10,44.94,45.7,44.73,45.41,10358460
2015-12-11,45.05,45.15,43.33,43.4,16343630
2015-12-14,43.5,44.18,42.97,43.72,14157590
2015-12-15,44.36,44.44,43.6,44.22,11222120
2015-12-16,44.42,46.98,44.15,46.9,25521705
2015-12-17,46.79,47.55,45.96,46.68,16493190
2015-12-18,46.58,47.18,45.86,46.09,15070850
2015-12-21,46.34,47.17,46.22,46.51,9765870
2015-12-22,47.0,47.31,45.93,45.99,9807475
2015-12-23,46.44,46.69,45.63,45.94,7774895
2015-12-24,46.11,46.38,45.66,46.11,3551385
2015-12-28,46.3,46.4,45.11,45.79,9506520
2015-12-29,46.01,47.54,45.91,47.44,12031450
2015-12-30,47.32,48.73,47.13,47.62,18489605
2015-12-31,47.7,48.69,47.67,48.0,13575190
2016-01-04,46.14,46.28,43.8,44.68,34135730
2016-01-05,45.27,45.38,44.0,44.69,15933760
2016-01-06,44.0,44.01,43.2,43.81,18895640
2016-01-07,42.84,43.69,42.73,43.13,17771255
2016-01-08,43.57,44.09,42.15,42.2,18140290
2016-01-11,42.8,42.89,40.6,41.57,20457110
2016-01-12,42.32,42.75,41.06,41.99,15459585
2016-01-13,42.4,42.53,40.0,40.06,20632080
2016-01-14,40.44,42.0,38.68,41.24,32453705
2016-01-15,39.79,41.01,39.45,41.0,27893200
2016-01-19,41.74,42.09,40.16,40.94,20193380
2016-01-20,39.88,40.26,38.25,39.74,29193040
2016-01-21,40.31,40.65,39.0,39.99,15830795
2016-01-22,40.96,41.1,39.81,40.51,15620275
2016-01-25,40.01,40.71,39.18,39.28,13493695
2016-01-26,39.34,39.56,37.78,38.71,24820900
2016-01-27,38.48,38.65,37.15,37.61,18086105
2016-01-28,38.16,38.26,36.48,37.94,22963770
2016-01-29,37.99,38.75,37.62,38.24,14261445
2016-02-01,37.75,39.9,36.55,39.39,26488195
2016-02-02,38.48,38.62,36.05,36.56,28868185
2016-02-03,36.72,36.79,34.04,34.7,39656810
2016-02-04,34.14,35.2,33.4,35.07,21926830
2016-02-05,34.26,34.6,31.55,32.52,47187955
2016-02-08,31.42,31.43,29.2,29.6,46564940
2016-02-09,28.46,31.96,28.21,29.65,43258240
2016-02-10,30.1,30.99,28.35,28.73,52032565
2016-02-11,30.4,32.65,29.4,30.09,71261820
2016-02-12,31.0,31.4,28.74,30.21,36178915
2016-02-16,31.74,32.59,30.82,31.03,27968970
2016-02-17,31.8,33.87,31.34,33.74,29125795
2016-02-18,34.48,34.59,32.95,33.35,19437870
2016-02-19,32.73,33.5,32.5,33.32,14796950
2016-02-22,34.02,35.78,33.97,35.55,25300255
2016-02-23,35.23,36.35,34.74,35.44,29921870
2016-02-24,34.55,35.9,33.57,35.8,26978045
2016-02-25,35.73,37.7,35.04,37.49,28753705
2016-02-26,37.74,38.4,37.0,38.07,30325585
2016-02-29,38.48,39.27,37.84,38.39,22494985
2016-03-01,38.85,39.19,36.54,37.27,33560795
2016-03-02,36.75,37.7,36.3,37.67,24311980
2016-03-03,37.66,39.48,36.84,39.15,24145090
2016-03-04,39.6,40.81,39.5,40.21,32445290
2016-03-07,39.54,41.94,39.48,41.06,26685360
2016-03-08,40.7,41.5,40.44,40.52,20893465
2016-03-09,40.9,41.87,40.56,41.74,16042770
2016-03-10,42.0,42.66,40.13,41.04,25962615
2016-03-11,41.59,41.88,41.07,41.5,16715385
2016-03-14,42.53,43.34,42.13,43.03,20328530
2016-03-15,42.85,43.79,42.3,43.67,15902260
2016-03-16,43.6,44.52,43.4,44.39,17583515
2016-03-17,44.29,45.7,44.0,45.28,18914455
2016-03-18,45.82,46.9,45.61,46.55,23558965
2016-03-21,47.07,47.98,47.0,47.66,26539110
2016-03-22,47.44,47.8,46.51,46.85,21579940
2016-03-23,46.47,46.95,44.41,44.52,24744205
2016-03-24,43.16,45.78,43.0,45.55,24804500
2016-03-28,46.32,46.96,45.0,46.05,19628425
2016-03-29,45.98,46.48,45.07,46.03,20071650
2016-03-30,47.02,47.1,45.3,45.38,20164910
2016-03-31,45.87,47.48,45.0,45.95,40064360
2016-04-01,48.97,49.58,46.65,47.52,79987545
2016-04-04,49.82,50.42,48.73,49.4,67376635
2016-04-05,48.1,51.31,48.0,51.09,49743495
2016-04-06,50.79,53.55,50.69,53.08,58527395
2016-04-07,53.29,53.87,50.9,51.44,44280855
2016-04-08,52.1,52.16,49.6,50.01,36819675
2016-04-11,50.2,51.8,49.06,49.98,45808465
2016-04-12,49.9,50.36,48.73,49.56,28816040
2016-04-13,49.7,51.1,49.47,50.91,24627975
2016-04-14,50.6,51.37,50.21,50.37,20660925
2016-04-15,50.26,50.92,49.82,50.9,18761830
2016-04-18,50.45,51.66,50.33,50.78,21356810
2016-04-19,50.62,50.87,48.25,49.47,31787630
2016-04-20,49.25,50.73,48.3,49.99,25970255
2016-04-21,49.8,50.18,49.38,49.66,13915295
2016-04-22,49.78,50.8,49.14,50.75,18931635
2016-04-25,50.6,51.48,50.15,50.36,18351740
2016-04-26,50.41,51.15,49.88,50.75,16119195
2016-04-27,50.55,51.0,49.88,50.29,16029040
2016-04-28,49.97,50.69,49.49,49.54,12594950
2016-04-29,49.63,49.69,47.56,48.15,27068935
2016-05-02,48.3,48.64,46.96,48.36,19219675
2016-05-03,47.47,47.78,46.32,46.46,21511110
2016-05-04,46.06,46.89,44.08,44.51,43502295
2016-05-05,45.69,45.73,41.96,42.31,56274135
2016-05-06,42.17,43.27,41.62,42.99,28426185
2016-05-09,43.14,43.23,41.36,41.78,23881915
2016-05-10,41.51,41.89,41.0,41.74,20353085
2016-05-11,41.52,43.1,41.21,41.79,25809320
2016-05-12,42.29,42.33,40.73,41.46,18252375
2016-05-13,41.56,42.24,41.34,41.52,14113905
2016-05-16,41.63,42.63,41.58,41.66,14746980
2016-05-17,41.81,41.96,40.8,40.93,14217985
2016-05-18,41.83,43.06,41.55,42.23,28087595
2016-05-19,42.72,43.36,41.46,43.04,34331605
2016-05-20,43.4,44.11,43.27,44.06,45035380
2016-05-23,43.97,44.52,43.17,43.24,25512395
2016-05-24,43.32,43.75,43.04,43.58,15069215
2016-05-25,43.58,44.27,43.3,43.92,15663075
2016-05-26,44.1,45.05,43.81,45.02,20362120
2016-05-27,45.0,45.19,44.15,44.61,18251360
2016-05-31,44.61,44.95,44.3,44.65,13945010
2016-06-01,44.3,44.48,43.38,43.91,14913475
2016-06-02,43.92,43.98,43.42,43.79,10164160
2016-06-03,44.0,44.39,43.6,43.8,11144850
2016-06-06,43.6,44.18,43.09,44.14,11247540
2016-06-07,44.45,46.89,44.3,46.47,31067865
2016-06-08,46.76,48.17,46.52,47.1,29859975
2016-06-09,47.0,47.07,45.41,45.87,22460375
2016-06-10,45.48,45.59,43.68,43.76,30133015
2016-06-13,43.9,45.15,43.53,43.57,20965110
2016-06-14,43.78,44.44,42.51,42.99,17900835
2016-06-15,43.39,44.38,43.03,43.54,14542610
2016-06-16,43.48,43.61,42.7,43.59,12201295
2016-06-17,43.56,44.0,42.9,43.09,15563100
2016-06-20,43.9,44.75,43.65,43.94,17777355
2016-06-21,44.14,44.51,43.76,43.92,22645025
2016-06-22,39.89,41.19,39.15,39.33,118712070
2016-06-23,39.14,39.51,38.43,39.28,50653740
2016-06-24,38.01,39.02,37.95,38.63,35132580
2016-06-27,38.17,39.76,37.57,39.71,36101615
2016-06-28,40.38,40.81,39.88,40.36,31062110
2016-06-29,41.03,42.36,40.6,42.04,29974540
2016-06-30,42.59,42.7,41.8,42.46,24215555
2016-07-01,41.23,43.65,41.2,43.3,26999755
2016-07-05,41.95,42.91,41.6,42.8,25876725
2016-07-06,42.0,43.05,41.8,42.89,24599275
2016-07-07,42.62,43.62,42.6,43.19,18060110
2016-07-08,43.56,43.96,42.9,43.36,20373925
2016-07-11,43.99,45.36,43.9,44.96,27149115
2016-07-12,44.82,45.5,44.64,44.93,22880825
2016-07-13,45.1,45.12,44.06,44.51,17835310
2016-07-14,44.62,44.99,44.21,44.31,13379170
2016-07-15,44.5,44.55,43.93,44.08,11171235
2016-07-18,43.93,45.42,43.66,45.25,17060275
2016-07-19,45.0,45.82,44.95,45.05,15575325
2016-07-20,45.29,45.96,45.0,45.67,12842490
2016-07-21,45.2,45.57,43.82,44.1,22143255
2016-07-22,44.4,44.9,43.78,44.45,12898460
2016-07-25,44.45,46.28,44.27,46.0,22453415
2016-07-26,45.54,46.0,45.06,45.9,17150210
2016-07-27,45.87,46.67,45.38,45.7,14445035
2016-07-28,45.59,46.15,45.32,46.12,12095295
2016-07-29,46.14,47.06,46.05,46.96,15354065
2016-08-01,47.1,47.33,45.88,46.0,20081420
2016-08-02,45.87,45.97,44.28,45.44,19672160
2016-08-03,45.47,45.94,44.84,45.16,19438795
2016-08-04,45.14,46.17,44.41,46.12,20734985
2016-08-05,46.0,46.4,45.48,46.01,16026075
2016-08-08,45.6,45.92,45.22,45.23,11317920
2016-08-09,45.36,46.31,45.33,45.82,11039165
2016-08-10,45.65,45.97,44.92,45.13,11691505
2016-08-11,45.23,45.51,44.68,44.98,9404680
2016-08-12,45.08,45.33,44.81,45.12,9067700
2016-08-15,45.2,45.9,44.99,45.12,10171640
2016-08-16,45.1,45.44,44.68,44.72,11335735
2016-08-17,44.87,44.97,44.56,44.65,8935635
2016-08-18,44.76,45.13,44.46,44.7,8572335
2016-08-19,44.71,45.03,44.51,45.0,8297650
2016-08-22,44.83,45.02,44.54,44.59,10327465
2016-08-23,44.86,45.7,44.56,44.97,23922090
2016-08-24,45.41,45.43,44.44,44.52,12853465
2016-08-25,44.62,44.76,44.15,44.19,8812595
2016-08-26,44.43,44.57,43.76,44.0,11194960
2016-08-29,44.03,44.08,43.0,43.04,16331670
2016-08-30,43.22,43.22,42.1,42.27,15844310
2016-08-31,42.09,42.52,41.73,42.4,16382740
2016-09-01,41.8,42.22,40.1,40.15,39715690
2016-09-02,40.47,40.64,39.24,39.56,29887065
2016-09-06,39.8,40.65,39.8,40.57,21952860
2016-09-07,41.1,41.3,40.14,40.34,18204615
2016-09-08,39.91,39.98,39.27,39.47,16889730
2016-09-09,39.82,39.98,38.74,38.89,18784960
2016-09-12,39.0,40.27,38.82,39.66,18575805
2016-09-13,39.41,39.7,38.69,39.21,17946895
2016-09-14,39.15,39.59,38.97,39.28,11296155
2016-09-15,39.3,40.5,39.28,40.08,15425575
2016-09-16,40.08,41.14,39.8,41.08,15539040
2016-09-19,41.4,41.89,41.0,41.27,11497490
2016-09-20,41.37,41.55,40.78,40.93,12052440
2016-09-21,41.27,41.4,40.31,41.04,13167515
2016-09-22,41.28,41.46,40.6,41.29,11914510
2016-09-23,41.2,42.04,41.13,41.49,14526145
2016-09-26,41.3,42.2,41.3,41.8,11971790
2016-09-27,41.93,42.0,40.92,41.16,16865900
2016-09-28,41.5,41.65,41.05,41.25,10441870
2016-09-29,41.12,41.47,40.12,40.14,13635145
2016-09-30,40.44,41.0,39.91,40.81,12931365
2016-10-03,42.46,43.13,41.65,42.74,29999460
2016-10-04,42.62,42.66,41.76,42.28,17707405
2016-10-05,42.45,42.63,41.62,41.69,9387670
2016-10-06,40.49,40.84,40.04,40.2,23517010
2016-10-07,40.2,40.26,39.16,39.32,17465090
2016-10-10,40.27,40.83,39.93,40.19,16581485
2016-10-11,40.37,40.44,39.66,40.02,11642110
2016-10-12,40.19,40.78,40.08,40.3,9853445
2016-10-13,40.1,40.18,39.41,40.05,12477065
2016-10-14,40.13,40.29,39.26,39.3,21349250
2016-10-17,39.41,39.68,38.4,38.79,22770400
2016-10-18,39.2,39.89,38.65,39.82,28402375
2016-10-19,39.95,41.33,39.61,40.71,34955915
2016-10-20,40.42,40.6,39.41,39.82,25364385
2016-10-21,39.72,40.31,39.48,40.02,14717010
2016-10-24,40.2,40.79,40.05,40.55,13757810
2016-10-25,40.58,40.94,40.24,40.47,12225070
2016-10-26,40.2,40.64,40.02,40.45,28164205
2016-10-27,42.27,42.74,40.33,40.8,65468720
2016-10-28,40.8,41.06,39.97,39.99,21400705
2016-10-31,40.5,40.5,39.16,39.55,23461365
2016-11-01,39.61,39.7,37.62,38.16,35300180
2016-11-02,38.01,38.54,37.5,37.6,21266910
2016-11-03,37.8,38.29,37.41,37.48,13265115
2016-11-04,37.8,38.69,37.19,38.11,25730215
2016-11-07,38.72,38.86,38.01,38.64,19350560
2016-11-08,38.76,39.5,38.25,38.99,16337900
2016-11-09,37.38,38.4,36.79,38.01,40865325
2016-11-10,38.21,38.32,36.08,37.07,33751705
2016-11-11,36.85,37.78,36.6,37.71,19942520
2016-11-14,37.6,37.65,35.64,36.29,32761025
2016-11-15,36.56,37.29,36.41,36.75,19510090
2016-11-16,36.53,36.95,36.24,36.79,17172185
2016-11-17,36.7,37.9,36.42,37.73,24435335
2016-11-18,38.13,38.6,37.0,37.0,26051735
2016-11-21,37.01,37.78,36.88,36.9,21805215
2016-11-22,37.17,38.29,36.74,38.23,28016805
2016-11-23,38.12,39.13,37.8,38.63,24459465
2016-11-25,38.73,39.45,38.73,39.33,11830490
2016-11-28,39.1,39.87,38.91,39.22,22645910
2016-11-29,39.11,39.35,37.9,37.91,22196280
2016-11-30,38.2,38.38,37.5,37.88,17735520
2016-12-01,37.65,37.71,36.2,36.38,25632005
2016-12-02,36.58,36.98,36.0,36.29,20211620
2016-12-05,36.5,37.78,36.5,37.36,20361195
2016-12-06,37.1,37.32,36.54,37.17,16958110
2016-12-07,37.23,38.68,37.0,38.63,27309255
2016-12-08,38.41,38.5,37.91,38.46,15970740
2016-12-09,38.17,38.77,38.16,38.44,13612525
2016-12-12,38.56,38.88,38.21,38.49,12194380
2016-12-13,38.64,40.26,38.6,39.63,34119420
2016-12-14,39.75,40.6,39.35,39.74,20754635
2016-12-15,39.68,40.15,39.48,39.52,16097835
2016-12-16,39.62,40.52,39.52,40.5,18984445
2016-12-19,40.5,40.89,39.97,40.55,17440355
2016-12-20,40.61,41.8,40.5,41.76,23445355
2016-12-21,41.69,42.45,41.48,41.54,26038110
2016-12-22,41.64,42.0,41.3,41.69,15555540
2016-12-23,41.6,42.69,41.54,42.67,23352320
2016-12-27,42.98,44.45,42.88,43.91,29578660
2016-12-28,44.31,44.76,43.44,43.95,18912280
2016-12-29,43.71,43.84,42.82,42.94,20224840
2016-12-30,43.26,43.5,42.34,42.74,23213100
2017-01-03,42.97,44.07,42.19,43.4,29616270
2017-01-04,42.95,45.6,42.86,45.4,56067355
2017-01-05,45.28,45.5,44.39,45.35,29558475
2017-01-06,45.39,46.06,45.09,45.8,27639465
2017-01-09,45.79,46.38,45.6,46.26,19897420
2017-01-10,46.4,46.4,45.38,45.97,18299775
2017-01-11,45.81,46.0,45.34,45.95,18254125
2017-01-12,45.81,46.14,45.12,45.92,18951145
2017-01-13,46.0,47.57,45.92,47.55,30464800
2017-01-17,47.34,47.99,46.87,47.12,23087610
2017-01-18,47.33,47.94,47.12,47.67,18844835
2017-01-19,49.45,49.74,48.15,48.75,38661515
2017-01-20,49.09,49.2,48.6,48.95,21021375
2017-01-23,49.17,50.18,49.1,49.78,31314690
2017-01-24,50.0,50.96,49.93,50.92,24827255
2017-01-25,51.46,51.69,50.36,50.89,25731805
2017-01-26,50.86,51.15,50.15,50.5,15760615
2017-01-27,50.28,50.6,49.7,50.59,15831680
2017-01-30,50.51,51.06,49.42,50.13,19005370
2017-01-31,49.85,51.18,49.54,50.39,20580520
2017-02-01,50.61,50.64,49.81,49.85,19794145
2017-02-02,49.67,50.48,49.54,50.31,12498875
2017-02-03,50.38,50.44,49.94,50.27,10933615
2017-02-06,50.2,51.56,50.13,51.55,17812585
2017-02-07,51.64,52.0,51.28,51.5,21223875
2017-02-08,51.47,52.67,51.24,52.42,19665070
2017-02-09,53.25,54.24,53.23,53.84,39101110
2017-02-10,53.96,54.19,53.22,53.85,18098695
2017-02-13,54.15,56.16,54.1,56.12,35148025
2017-02-14,55.81,57.48,55.72,56.2,36726120
2017-02-15,56.0,56.45,55.29,55.95,24739280
2017-02-16,55.52,56.0,53.7,53.79,35386610
2017-02-17,53.16,54.58,52.83,54.45,31285745
2017-02-21,55.09,56.28,54.8,55.48,28383735
2017-02-22,56.06,56.69,54.52,54.7,43774875
2017-02-23,52.8,52.93,51.11,51.2,74576245
2017-02-24,50.53,51.65,50.04,51.4,40858130
2017-02-27,49.63,49.67,48.4,49.25,57304050
2017-02-28,48.84,50.2,48.78,50.0,30390725
2017-03-01,50.84,50.97,49.82,50.0,24047440
2017-03-02,49.94,50.66,49.65,50.1,16759165
2017-03-03,50.15,50.38,49.8,50.31,14646170
2017-03-06,49.58,50.34,49.5,50.24,16777500
2017-03-07,50.38,50.78,49.66,49.72,17297350
2017-03-08,49.4,50.01,49.06,49.37,18643245
2017-03-09,49.53,49.73,48.6,48.98,19396465
2017-03-10,49.24,49.3,48.6,48.74,15331360
2017-03-13,48.96,49.37,48.56,49.23,15113125
2017-03-14,49.22,51.62,49.2,51.6,37992230
2017-03-15,51.4,52.2,50.85,51.15,26654030
2017-03-16,52.48,53.15,51.81,52.41,35660765
2017-03-17,52.8,53.07,52.24,52.3,32487480
2017-03-20,52.12,52.91,51.76,52.38,18071470
2017-03-21,52.57,52.96,50.05,50.14,34542770
2017-03-22,50.31,51.01,50.1,51.0,20296485
2017-03-23,51.08,51.53,50.66,50.96,16601225
2017-03-24,51.14,52.78,51.0,52.63,28236265
2017-03-27,52.12,54.11,51.95,54.04,31153975
2017-03-28,55.4,56.14,55.0,55.49,39938020
2017-03-29,55.67,55.92,55.11,55.48,18380785
2017-03-30,55.61,56.4,55.44,55.58,20742130
2017-03-31,55.75,55.94,55.26,55.66,16473200
2017-04-03,57.38,59.8,56.92,59.7,69443090
2017-04-04,59.38,60.96,58.91,60.74,50672780
2017-04-05,60.41,60.98,58.84,59.0,39404690
2017-04-06,59.38,60.39,58.82,59.74,27602940
2017-04-07,59.5,60.54,59.43,60.51,22898065
2017-04-10,61.83,62.75,61.74,62.48,38322290
2017-04-11,62.68,62.69,61.1,61.74,28622885
2017-04-12,61.27,61.69,59.26,59.37,30253410
2017-04-13,59.34,61.48,59.06,60.8,46423170
2017-04-17,60.54,60.8,59.74,60.29,20693680
2017-04-18,59.94,60.17,59.58,60.05,15178490
2017-04-19,60.49,61.32,60.42,61.1,19490120
2017-04-20,61.3,61.83,60.05,60.5,30746760
2017-04-21,60.4,61.28,60.08,61.12,22548780
2017-04-24,61.84,62.11,61.2,61.61,25417525
2017-04-25,61.6,62.8,61.17,62.76,33688540
2017-04-26,62.47,62.9,61.8,62.03,23475220
2017-04-27,62.34,62.62,61.5,61.73,17342845
2017-04-28,61.97,62.96,61.6,62.81,22527390
2017-05-01,62.98,65.45,62.96,64.57,44147825
2017-05-02,64.8,65.53,63.31,63.78,26913885
2017-05-03,63.53,64.31,62.09,62.2,35666825
2017-05-04,61.49,61.55,58.15,59.09,70760040
2017-05-05,59.6,61.71,59.36,61.67,40886735
2017-05-08,62.18,62.76,61.16,61.44,35032355
2017-05-09,61.88,64.4,61.82,64.25,48382685
2017-05-10,64.31,65.1,63.62,65.04,28708035
2017-05-11,64.68,65.2,63.92,64.62,23769095
2017-05-12,65.1,65.4,64.31,64.96,20608060
2017-05-15,63.68,64.04,62.51,63.18,38110020
2017-05-16,63.52,64.01,63.03,63.4,20762420
2017-05-17,62.88,62.93,61.1,61.22,33559700
2017-05-18,61.4,62.79,61.06,62.61,28269005
2017-05-19,63.1,63.3,62.04,62.17,23437860
2017-05-22,62.56,62.87,61.36,62.07,21645890
2017-05-23,62.09,62.15,60.7,60.77,21591770
2017-05-24,61.3,62.2,61.08,62.04,25208460
2017-05-25,62.2,63.39,61.56,63.37,25069815
2017-05-26,63.46,65.1,63.26,65.03,39010995
2017-05-30,65.2,67.26,65.15,67.02,38914580
2017-05-31,67.54,68.58,67.03,68.2,49817220
2017-06-01,68.8,68.98,67.46,68.07,38039980
2017-06-02,67.95,68.58,67.19,67.97,27951195
2017-06-05,67.7,69.69,66.84,69.46,33921840
2017-06-06,68.94,71.9,67.99,70.57,55433990
2017-06-07,71.27,72.1,71.03,71.93,46989795
2017-06-08,72.75,74.38,72.04,74.0,45307480
2017-06-09,74.88,75.37,70.96,71.46,86307175
2017-06-12,71.6,72.9,70.12,71.8,52588300
2017-06-13,73.52,75.2,73.32,75.19,59039600
2017-06-14,76.22,76.85,75.26,76.13,64092145
2017-06-15,74.5,75.09,73.3,75.07,52132345
2017-06-16,75.6,75.6,74.02,74.28,33654865
2017-06-19,75.0,75.34,73.56,73.96,32746660
2017-06-20,75.33,75.78,73.95,74.45,37193505
2017-06-21,74.87,75.4,73.6,75.28,24616050
2017-06-22,75.6,77.0,74.71,76.52,37648890
2017-06-23,76.49,77.4,75.87,76.69,32228790
2017-06-26,77.34,77.39,74.62,75.5,33020495
2017-06-27,75.28,75.28,72.4,72.47,34981995
2017-06-28,73.34,74.35,72.5,74.25,31512315
2017-06-29,74.12,74.2,70.82,72.15,41105190
2017-06-30,72.74,73.35,71.92,72.32,29242605
2017-07-03,74.05,74.27,70.3,70.52,31527005
2017-07-05,69.44,69.45,65.27,65.42,85233505
2017-07-06,63.45,64.16,61.26,61.77,96622475
2017-07-07,62.7,63.4,61.48,62.64,70884575
2017-07-10,62.58,63.59,60.63,63.21,69104445
2017-07-11,63.2,65.46,62.86,65.44,57797010
2017-07-12,66.08,66.62,64.9,65.9,51730635
2017-07-13,66.02,66.32,63.99,64.68,42972330
2017-07-14,64.64,65.68,64.24,65.56,28126055
2017-07-17,65.11,65.42,62.69,63.91,49384560
2017-07-18,63.5,65.83,63.13,65.65,31868600
2017-07-19,65.65,66.33,64.64,65.05,31785070
2017-07-20,65.38,66.04,64.84,65.98,25830940
2017-07-21,65.89,66.25,65.16,65.68,24508030
2017-07-24,66.05,68.68,66.0,68.5,43185410
2017-07-25,69.0,69.12,66.83,67.92,34945985
2017-07-26,68.07,69.1,67.62,68.77,24103950
2017-07-27,69.2,69.5,65.26,66.89,41512025
2017-07-28,67.38,67.92,66.5,67.01,24402070
2017-07-31,67.1,68.3,64.21,64.69,42675680
2017-08-01,64.6,64.89,63.23,63.91,41515510
2017-08-02,63.79,65.42,62.24,65.18,65457310
2017-08-03,69.07,70.0,68.63,69.42,67675165
2017-08-04,69.4,71.45,68.66,71.38,46344545
2017-08-07,71.47,71.9,70.55,71.03,31622400
2017-08-08,71.51,73.72,71.48,73.04,37249185
2017-08-09,72.2,74.0,71.79,72.71,34460480
2017-08-10,72.32,73.33,70.93,71.08,35464290
2017-08-11,71.39,72.25,70.72,71.57,21828915
2017-08-14,72.93,73.53,72.52,72.76,22595930
2017-08-15,73.04,73.1,71.87,72.47,15425440
2017-08-16,72.6,73.3,72.5,72.58,17068865
2017-08-17,72.24,72.66,70.32,70.38,25138300
2017-08-18,70.58,70.8,69.16,69.49,27040915
2017-08-21,69.16,69.16,66.37,67.57,32477120
2017-08-22,68.23,68.45,67.47,68.27,21609830
2017-08-23,67.8,70.7,67.66,70.55,24772520
2017-08-24,70.5,71.33,69.95,70.59,22923435
2017-08-25,70.85,71.14,69.46,69.61,17419780
2017-08-28,69.46,69.47,67.94,69.13,18819780
2017-08-29,67.9,69.81,67.75,69.47,20368375
2017-08-30,69.93,70.69,69.4,70.64,17064715
2017-08-31,70.71,71.69,70.56,71.18,20363975
2017-09-01,71.22,71.52,70.74,71.08,15247730
2017-09-05,70.76,71.1,69.18,69.92,19241910
2017-09-06,69.9,70.2,68.31,68.91,20456755
2017-09-07,69.2,70.5,68.69,70.12,21196065
2017-09-08,69.8,69.96,68.46,68.68,16317540
2017-09-11,70.27,72.74,70.0,72.74,38335275
2017-09-12,72.9,73.75,72.08,72.55,29864535
2017-09-13,72.76,73.61,71.92,73.25,20926155
2017-09-14,72.87,75.59,72.53,75.53,36012620
2017-09-15,74.9,76.0,74.54,75.96,27102480
2017-09-18,76.05,77.92,75.54,77.0,35939900
2017-09-19,76.0,76.48,74.71,75.02,32259430
2017-09-20,74.6,75.65,74.21,74.78,24595260
2017-09-21,74.98,75.37,72.9,73.3,23090950
2017-09-22,73.3,73.98,70.18,70.22,40797090
2017-09-25,70.63,71.49,68.58,69.0,38029730
2017-09-26,70.19,70.25,68.18,69.05,35781370
2017-09-27,69.98,70.3,68.1,68.19,30301650
2017-09-28,67.98,68.55,67.08,67.92,26598085
2017-09-29,68.37,68.94,67.72,68.22,25535410
2017-10-02,68.5,68.74,67.1,68.31,26433870
2017-10-03,67.18,69.71,66.26,69.63,50767980
2017-10-04,70.25,71.72,69.92,71.0,40817715
2017-10-05,71.2,71.49,70.27,71.07,20858375
2017-10-06,70.62,72.02,70.45,71.38,21487370
2017-10-09,69.93,70.35,68.53,68.59,37468270
2017-10-10,69.36,71.13,69.11,71.12,34892475
2017-10-11,70.78,71.52,70.23,70.92,22504155
2017-10-12,70.59,71.96,70.53,71.14,20435240
2017-10-13,71.4,71.7,70.74,71.11,17702665
2017-10-16,70.75,70.9,69.43,70.12,26877430
2017-10-17,70.18,71.24,70.01,71.15,16466725
2017-10-18,71.19,72.6,70.83,71.93,24695370
2017-10-19,71.11,71.43,69.64,70.36,25309215
2017-10-20,70.54,70.91,68.87,69.02,24651975
2017-10-23,69.98,69.99,67.25,67.4,28736730
2017-10-24,67.76,68.56,67.23,67.47,22458360
2017-10-25,67.34,67.5,64.71,65.17,42970365
2017-10-26,65.56,66.05,64.64,65.23,25117500
2017-10-27,63.95,64.92,63.33,64.17,34898520
2017-10-30,63.84,64.76,63.45,64.02,21271890
2017-10-31,64.05,66.39,64.04,66.31,28361735
2017-11-01,66.45,66.52,64.05,64.22,42286680
2017-11-02,60.03,61.74,58.53,59.85,98957080
2017-11-03,59.9,61.25,59.03,61.22,44469870
2017-11-06,61.4,61.5,59.8,60.56,32430045
2017-11-07,60.2,61.3,60.01,61.21,26471370
2017-11-08,61.1,61.38,60.26,60.88,23626355
2017-11-09,60.5,60.89,59.26,60.6,27235735
2017-11-10,60.5,61.67,60.37,60.6,23127145
2017-11-13,60.03,63.36,59.82,63.08,37924720
2017-11-14,63.0,63.27,61.38,61.74,28380380
2017-11-15,61.2,62.5,60.3,62.26,29893325
2017-11-16,62.8,63.63,62.26,62.5,29110365
2017-11-17,65.13,65.33,62.63,63.01,68675695
2017-11-20,62.76,63.1,60.95,61.75,41238250
2017-11-21,62.17,63.65,61.74,63.56,36306365
2017-11-22,63.35,63.48,62.37,62.52,24588180
2017-11-24,62.76,63.28,62.2,63.11,16220325
2017-11-27,62.65,63.47,61.9,63.36,22779470
2017-11-28,63.27,64.0,62.78,63.51,24747455
2017-11-29,63.46,63.6,60.25,61.51,43836990
2017-11-30,61.71,62.14,60.91,61.77,21757935
2017-12-01,61.09,62.06,61.01,61.31,21464340
2017-12-04,61.3,61.65,60.12,61.04,29175700
2017-12-05,60.4,61.6,60.2,60.74,23232600
2017-12-06,60.02,62.68,60.0,62.65,35976705
2017-12-07,62.4,63.73,62.21,62.25,23902985
2017-12-08,62.92,63.4,62.25,63.03,17342290
2017-12-11,62.93,65.8,62.75,65.78,39689905
2017-12-12,66.09,68.29,66.01,68.21,43665995
2017-12-13,68.19,68.84,67.3,67.81,31107305
2017-12-14,68.2,69.49,67.38,67.58,28999580
2017-12-15,68.41,68.78,67.15,68.69,34665995
2017-12-18,68.98,69.35,67.52,67.77,27380830
2017-12-19,68.05,68.3,66.06,66.22,34124855
2017-12-20,66.54,66.62,65.01,65.8,29769000
2017-12-21,65.92,66.75,65.44,66.33,21926110
2017-12-22,65.9,66.18,64.96,65.04,21079035
2017-12-26,64.77,64.79,63.32,63.46,21892065
2017-12-27,63.2,63.54,62.15,62.33,23560555
2017-12-28,62.35,63.16,61.91,63.07,21581735
2017-12-29,63.24,63.28,62.0,62.27,18885775
2018-01-02,62.4,64.42,62.2,64.11,21761205
2018-01-03,64.2,65.05,63.11,63.45,22607635
2018-01-04,62.57,63.71,61.14,62.92,49731520
2018-01-05,63.32,63.45,62.4,63.32,22955900
2018-01-08,63.2,67.4,63.1,67.28,49297175
2018-01-09,67.03,67.76,65.48,66.74,35733155
2018-01-10,66.44,67.4,66.0,66.96,21549630
2018-01-11,67.05,68.96,66.65,67.59,33227420
2018-01-12,67.73,68.08,66.73,67.24,24125295
2018-01-16,67.51,69.0,66.96,68.01,32371255
2018-01-17,68.09,69.8,67.95,69.43,35517525
2018-01-18,69.13,70.46,68.75,68.91,28429225
2018-01-19,69.0,70.12,68.52,70.0,24441515
2018-01-22,69.88,71.57,69.84,70.31,31051800
2018-01-23,72.0,72.1,70.2,70.56,27327070
2018-01-24,70.92,70.95,68.7,69.18,26437390
2018-01-25,69.65,69.84,67.28,67.53,33701515
2018-01-26,68.3,68.8,67.14,68.57,22696780
2018-01-29,67.97,70.17,67.66,69.91,23735745
2018-01-30,69.03,69.65,68.43,69.16,23588500
2018-01-31,69.5,71.24,69.04,70.86,31070345
2018-02-01,70.2,71.93,69.73,69.85,20988435
2018-02-02,69.69,70.39,68.1,68.75,18524180
2018-02-05,67.59,68.89,66.6,66.63,22320735
2018-02-06,65.04,67.24,64.7,66.79,25442190
2018-02-07,67.8,69.2,67.13,69.0,34846195
2018-02-08,68.66,69.72,62.92,63.05,51572865
2018-02-09,63.99,64.2,58.95,62.08,64668605
2018-02-12,63.23,63.62,61.25,63.15,31139110
2018-02-13,63.0,64.84,62.5,64.73,22801155
2018-02-14,64.17,65.23,63.7,64.46,19753715
2018-02-15,64.9,66.82,64.48,66.81,29564585
2018-02-16,66.5,68.62,66.33,67.1,28213185
2018-02-20,66.89,68.17,66.3,66.95,20047175
2018-02-21,67.21,67.94,66.63,66.66,16098245
2018-02-22,67.11,69.49,66.95,69.23,34849040
2018-02-23,69.57,71.0,69.42,70.41,29086935
2018-02-26,70.7,71.8,70.47,71.48,21699925
2018-02-27,71.25,72.0,70.0,70.2,23987095
2018-02-28,70.51,71.05,68.44,68.61,30348290
2018-03-01,69.0,69.73,66.01,66.19,34428005
2018-03-02,65.4,67.04,64.59,67.02,25464145
2018-03-05,66.48,67.55,65.86,66.67,19118845
2018-03-06,66.75,67.27,65.41,65.64,21428720
2018-03-07,65.09,66.5,64.35,66.46,25036485
2018-03-08,66.57,66.66,65.25,65.82,17831220
2018-03-09,64.82,65.7,64.47,65.43,27533820
2018-03-12,65.72,69.44,65.3,69.1,41320175
2018-03-13,68.98,69.02,67.25,68.37,29829025
2018-03-14,67.35,67.96,64.79,65.33,39836850
2018-03-15,65.88,66.57,64.22,65.12,32824005
2018-03-16,65.19,65.48,63.81,64.27,30586395
2018-03-19,63.3,64.15,61.93,62.71,37421470
2018-03-20,62.97,63.25,61.75,62.11,23821465
2018-03-21,62.05,64.49,62.04,63.31,29792055
2018-03-22,62.78,63.76,61.64,61.82,24698855
2018-03-23,62.25,62.32,60.09,60.31,33274495
2018-03-26,61.47,61.52,58.27,60.84,41875875
2018-03-27,60.8,60.85,55.44,55.84,69360145
2018-03-28,52.92,53.74,50.42,51.56,105007185
2018-03-29,51.3,54.19,49.64,53.23,75853745
2018-04-02,51.25,52.07,48.92,50.5,80569840
2018-04-03,53.96,54.67,50.9,53.51,94221920
2018-04-04,50.56,57.67,50.4,57.39,99483730
2018-04-05,57.87,61.25,57.64,61.14,95605505
2018-04-06,60.2,61.86,59.1,59.86,67601430
2018-04-09,60.07,61.9,57.84,57.93,51249025
2018-04-10,59.79,61.42,58.74,60.94,55121295
2018-04-11,60.15,61.8,59.93,60.19,37414725
2018-04-12,60.46,60.79,58.74,58.82,38043845
2018-04-13,60.72,60.79,59.2,60.07,36636115
2018-04-16,59.8,59.93,57.8,58.24,31692440
2018-04-17,57.77,58.43,56.5,57.54,35000115
2018-04-18,58.22,60.05,57.63,58.67,32788500
2018-04-19,58.22,60.2,57.71,60.02,30452995
2018-04-20,59.03,60.0,57.95,58.05,28139640
2018-04-23,58.26,58.32,56.47,56.67,24466890
2018-04-24,57.0,57.42,55.69,56.69,28426540
2018-04-25,56.7,57.03,55.45,56.14,20067870
2018-04-26,55.75,57.16,55.3,57.1,21780065
2018-04-27,57.07,58.89,56.77,58.82,21823130
2018-04-30,58.72,59.75,58.5,58.78,21140860
2018-05-01,58.7,60.16,58.64,59.98,23128015
2018-05-02,59.71,61.37,59.56,60.23,44851850
2018-05-03,55.76,57.61,55.05,56.89,86760650
2018-05-04,56.6,59.37,55.9,58.82,42846770
2018-05-07,59.5,61.19,59.03,60.55,43391120
2018-05-08,60.16,61.55,59.8,60.39,29650000
2018-05-09,60.08,61.4,60.01,61.37,28636825
2018-05-10,61.5,62.6,60.82,61.0,28257805
2018-05-11,61.54,61.78,59.82,60.21,23398245
2018-05-14,60.66,60.99,58.32,58.39,36434020
2018-05-15,57.0,57.39,56.1,56.84,47595865
2018-05-16,56.77,57.76,56.31,57.3,28370095
2018-05-17,57.18,57.84,56.79,56.91,22103060
2018-05-18,56.93,56.93,54.8,55.36,36259435
2018-05-21,56.27,58.3,56.26,56.9,45912855
2018-05-22,57.55,57.6,54.68,55.0,44728780
2018-05-23,55.55,55.98,54.8,55.81,29925265
2018-05-24,55.68,56.22,54.98,55.57,20883540
2018-05-25,55.53,55.93,55.12,55.77,19375410
2018-05-29,55.7,57.3,55.23,56.75,28333200
2018-05-30,56.66,59.0,56.32,58.34,37448430
2018-05-31,57.44,58.07,56.59,56.95,29598605
2018-06-01,57.17,58.39,56.77,58.36,27121930
2018-06-04,58.87,59.8,58.71,59.35,23989050
2018-06-05,59.54,59.56,57.35,58.23,29975785
2018-06-06,60.1,64.43,59.5,63.9,93836345
2018-06-07,63.23,66.0,62.72,63.22,71726355
2018-06-08,63.8,64.9,63.43,63.53,41026010
2018-06-11,64.5,66.93,64.5,66.42,65917365
2018-06-12,68.94,70.99,67.6,68.55,111737015
2018-06-13,69.34,69.44,67.96,68.96,47349020
2018-06-14,69.53,71.75,69.32,71.54,54905115
2018-06-15,70.77,72.93,70.25,71.63,54241270
2018-06-18,71.08,74.75,70.9,74.17,60366130
2018-06-19,73.03,74.0,69.25,70.51,63809515
2018-06-20,71.61,72.88,70.4,72.44,41918280
2018-06-21,72.4,73.24,69.25,69.5,39835725
2018-06-22,70.31,70.45,66.4,66.73,51330295
2018-06-25,66.02,67.69,65.5,66.6,34656520
2018-06-26,67.21,68.71,65.16,68.4,37262435
2018-06-27,69.0,70.16,67.9,68.9,41668635
2018-06-28,69.73,71.4,69.22,69.99,41990025
2018-06-29,70.67,70.77,68.48,68.59,32461980
2018-07-02,72.01,72.96,65.97,67.01,93798825
2018-07-03,66.35,66.5,61.94,62.17,61413190
2018-07-05,62.75,62.88,59.24,61.83,87381870
2018-07-06,60.99,62.41,60.4,61.78,44327255
2018-07-09,62.4,63.7,61.6,63.7,37983765
2018-07-10,64.91,65.54,63.84,64.49,47357490
2018-07-11,63.16,64.39,63.01,63.79,24420380
2018-07-12,64.29,64.65,62.55,63.34,28605830
2018-07-13,63.12,63.92,61.85,63.77,29378850
2018-07-16,62.34,63.03,61.25,62.02,39093275
2018-07-17,61.76,64.95,61.7,64.54,34981160
2018-07-18,65.0,65.1,63.25,64.77,28121055
2018-07-19,63.27,64.71,62.8,64.05,29576725
2018-07-20,64.25,64.65,62.34,62.72,25832735
2018-07-23,60.37,61.1,58.57,60.64,54964735
2018-07-24,60.88,61.54,58.51,59.49,47953920
2018-07-25,59.35,61.92,58.9,61.75,35470900
2018-07-26,60.97,62.14,60.73,61.33,23152610
2018-07-27,61.45,61.54,59.07,59.44,28516630
2018-07-30,59.18,59.22,57.23,58.03,34070360
2018-07-31,58.45,59.66,57.81,59.63,25384580
2018-08-01,59.6,60.6,58.6,60.17,50647150
2018-08-02,65.69,70.0,64.63,69.91,116074810
2018-08-03,69.56,71.0,68.51,69.63,68282430
2018-08-06,69.09,71.0,68.36,68.4,42821655
2018-08-07,68.77,77.49,67.83,75.91,154378840
2018-08-08,73.82,76.53,73.42,74.07,122855815
2018-08-09,73.11,73.4,69.15,70.49,85919055
2018-08-10,70.8,72.0,69.2,71.1,57760220
2018-08-13,72.23,72.64,69.8,71.28,52319405
2018-08-14,71.69,71.84,69.42,69.53,34932135
2018-08-15,68.38,68.9,66.43,67.74,45506290
2018-08-16,67.98,68.46,66.76,67.09,30320165
2018-08-17,64.7,65.35,60.71,61.1,94793060
2018-08-20,58.34,61.7,57.64,61.69,87011675
2018-08-21,62.12,64.96,61.8,64.38,65861150
2018-08-22,64.17,64.78,62.93,64.33,29729775
2018-08-23,63.83,65.46,63.62,64.02,25736430
2018-08-24,64.14,64.77,63.88,64.56,18012820
2018-08-27,63.6,64.49,61.76,63.85,65396440
2018-08-28,63.68,63.78,62.24,62.37,38245455
2018-08-29,62.05,62.37,60.74,61.0,37236960
2018-08-30,60.45,60.92,59.54,60.63,36083530
2018-08-31,60.4,61.06,59.72,60.33,26875520
2018-09-04,59.39,59.64,57.6,57.79,41752345
2018-09-05,57.01,57.36,55.44,56.15,38604105
2018-09-06,56.96,58.23,55.78,56.19,37403800
2018-09-07,52.02,53.67,50.45,52.65,112459655
2018-09-10,54.65,57.21,54.2,57.1,71417640
2018-09-11,55.89,56.4,54.71,55.89,45849945
2018-09-12,56.29,58.5,55.73,58.11,50077135
2018-09-13,57.6,59.0,57.04,57.89,31701680
2018-09-14,57.75,59.47,57.3,59.04,33828060
2018-09-17,58.01,60.17,57.63,58.97,34437885
2018-09-18,59.34,60.53,55.1,56.99,82737610
2018-09-19,56.1,60.0,56.1,59.8,41474585
2018-09-20,60.71,61.2,58.67,59.67,36747110
2018-09-21,59.54,60.12,59.07,59.82,25252390
2018-09-24,59.7,60.6,58.72,59.94,24214805
2018-09-25,60.0,60.92,59.3,60.2,22408645
2018-09-26,60.38,62.78,60.22,61.92,39216080
2018-09-27,62.58,62.99,61.38,61.5,42545420
2018-09-28,54.05,55.6,52.11,52.95,168248470
2018-10-01,61.15,62.29,60.21,62.14,108887985
2018-10-02,62.79,63.37,59.83,60.2,58717555
2018-10-03,60.67,60.92,58.31,58.96,39974940
2018-10-04,58.79,58.8,55.53,56.37,49071060
2018-10-05,54.93,54.98,52.0,52.39,89722685
2018-10-08,52.9,53.55,49.8,50.11,67363265
2018-10-09,51.05,53.35,50.66,52.56,60302870
2018-10-10,52.92,53.1,49.55,51.38,64076390
2018-10-11,51.51,52.45,49.81,50.45,40838690
2018-10-12,52.2,52.4,50.4,51.76,36007020
2018-10-15,51.81,52.66,50.91,51.92,30999825
2018-10-16,53.14,55.48,52.45,55.32,47632005
2018-10-17,56.48,56.54,53.16,54.36,43277710
2018-10-18,53.86,54.2,52.6,52.78,27105920
2018-10-19,53.48,53.93,50.7,52.0,46877745
2018-10-22,52.14,52.37,50.52,52.19,28001300
2018-10-23,52.77,59.59,52.42,58.83,95138765
2018-10-24,60.21,60.89,57.15,57.7,100291290
2018-10-25,63.44,64.2,60.2,62.97,104203620
2018-10-26,61.65,67.98,61.33,66.18,137127600
2018-10-29,67.49,69.43,65.3,66.97,72430135
2018-10-30,65.68,67.58,64.45,65.98,45633520
2018-10-31,66.51,68.4,65.82,67.46,38121740
2018-11-01,67.65,69.57,66.94,68.86,40000660
2018-11-02,68.75,69.84,68.18,69.28,39039855
2018-11-05,68.1,68.79,66.03,68.28,39155240
2018-11-06,67.81,69.76,67.22,68.21,33814445
2018-11-07,68.67,70.24,68.16,69.63,36872610
2018-11-08,69.7,71.52,69.69,70.28,35453370
2018-11-09,69.8,70.8,69.05,70.1,25494230
2018-11-12,69.67,69.96,66.07,66.26,34707615
2018-11-13,66.63,68.94,66.44,67.75,27242985
2018-11-14,68.54,69.42,67.43,68.8,25201435
2018-11-15,68.47,69.72,67.81,69.69,23128595
2018-11-16,69.04,71.14,69.02,70.86,36030955
2018-11-19,71.27,73.35,70.58,70.69,48544355
2018-11-20,68.35,69.96,66.71,69.5,40023545
2018-11-21,70.4,70.62,67.48,67.64,23434040
2018-11-23,66.87,67.5,65.11,65.17,21013210
2018-11-26,65.0,69.24,65.0,69.2,39960705
2018-11-27,68.01,69.39,67.1,68.78,31791500
2018-11-28,69.2,69.66,68.44,69.57,20637890
2018-11-29,69.4,69.5,67.91,68.23,15403620
2018-11-30,68.37,70.32,67.65,70.1,28144475
2018-12-03,72.0,73.2,70.4,71.7,41532555
2018-12-04,71.21,73.74,70.4,71.94,42309725
2018-12-06,71.2,73.48,70.15,72.61,39212540
2018-12-07,73.8,75.9,71.53,71.59,57555885
2018-12-10,72.0,73.2,70.62,73.03,33067275
2018-12-11,73.98,74.43,72.05,73.35,31543845
2018-12-12,73.88,74.38,73.03,73.32,25135240
2018-12-13,74.03,75.49,73.35,75.36,36829270
2018-12-14,75.0,75.57,72.87,73.14,31687775
2018-12-17,72.4,73.14,68.78,69.68,38370040
2018-12-18,70.11,70.31,66.74,67.41,35499995
2018-12-19,67.52,69.4,65.95,66.59,41370905
2018-12-20,65.41,66.06,62.37,63.08,45359290
2018-12-21,63.48,64.69,62.49,63.95,40084005
2018-12-24,62.7,62.9,59.04,59.08,27799565
2018-12-26,60.0,65.39,58.82,65.22,40815690
2018-12-27,63.97,64.43,60.3,63.23,42875665
2018-12-28,64.62,67.25,63.68,66.77,49694960
2018-12-31,67.56,67.84,65.05,66.56,31511690
2019-01-02,61.22,63.03,59.76,62.02,58293240
2019-01-03,61.4,61.88,59.48,60.07,34825920
2019-01-04,61.2,63.6,60.55,63.54,36970580
2019-01-07,64.34,67.35,63.55,66.99,37756125
2019-01-08,68.39,68.8,65.4,67.07,35042580
2019-01-09,67.1,68.7,66.29,67.71,27164725
2019-01-10,66.88,69.08,66.36,68.99,30281770
2019-01-11,68.42,69.68,67.75,69.45,25195260
2019-01-14,68.48,68.5,66.8,66.88,26236420
2019-01-15,67.0,69.76,66.9,68.89,30282950
2019-01-16,68.96,70.4,68.7,69.21,23458695
2019-01-17,69.24,70.3,68.83,69.46,18383665
2019-01-18,64.6,65.43,59.95,60.45,120753815
2019-01-22,60.96,61.6,59.1,59.78,60333705
2019-01-23,58.5,58.9,56.34,57.52,62649965
2019-01-24,56.61,58.74,55.86,58.3,40060775
2019-01-25,58.88,59.7,57.91,59.41,36290390
2019-01-28,58.58,59.49,57.55,59.28,32116395
2019-01-29,59.05,59.71,58.36,59.49,23108460
2019-01-30,60.09,61.8,59.7,61.75,56251590
2019-01-31,60.2,62.31,58.8,61.4,62846225
2019-02-01,61.08,63.22,60.7,62.44,36417205
2019-02-04,62.6,63.06,60.38,62.58,36760410
2019-02-05,62.5,64.49,62.45,64.27,33713825
2019-02-06,63.92,64.85,63.12,63.44,25192730
2019-02-07,62.66,62.94,60.6,61.5,32603055
2019-02-08,61.37,61.49,59.7,61.16,29221060
2019-02-11,62.32,63.72,62.1,62.57,35648565
2019-02-12,63.24,63.64,61.92,62.36,27587850
2019-02-13,62.47,62.55,61.11,61.63,25708085
2019-02-14,60.68,61.35,60.2,60.75,26004160
2019-02-15,60.9,61.6,60.78,61.58,19524735
2019-02-19,61.31,62.31,61.09,61.13,20842215
2019-02-20,60.88,61.26,59.8,60.51,35710585
2019-02-21,60.36,60.65,58.1,58.25,44545910
2019-02-22,58.9,59.3,58.42,58.94,28702790
2019-02-25,59.58,60.58,59.4,59.75,33132610
2019-02-26,58.44,60.4,57.75,59.57,42912675
2019-02-27,60.36,63.26,60.11,62.95,55919540
2019-02-28,63.78,64.0,62.16,63.98,52603265
2019-03-01,61.39,61.43,58.38,58.96,114556875
2019-03-04,59.62,59.8,56.56,57.07,85484090
2019-03-05,56.4,56.8,54.02,55.31,93823700
2019-03-06,55.3,56.3,54.88,55.25,51677425
2019-03-07,55.77,56.94,54.85,55.32,47212415
2019-03-08,55.38,57.12,55.18,56.83,44098125
2019-03-11,56.7,58.26,56.1,58.18,36961390
2019-03-12,57.3,57.61,56.21,56.67,37520685
2019-03-13,56.78,58.4,56.54,57.79,34223595
2019-03-14,58.49,59.08,57.66,57.99,35517235
2019-03-15,56.7,56.74,54.88,55.09,73927655
2019-03-18,55.2,55.61,53.46,53.9,51404900
2019-03-19,53.5,54.66,52.69,53.49,59003150
2019-03-20,53.94,54.99,53.26,54.72,34541120
2019-03-21,54.52,55.29,53.69,54.8,29735490
2019-03-22,54.52,54.56,52.8,52.91,43728045
2019-03-25,51.94,52.64,50.89,52.08,51075145
2019-03-26,52.89,54.05,52.89,53.55,36754740
2019-03-27,53.75,55.07,53.64,54.97,43895830
2019-03-28,55.43,56.07,55.02,55.72,33870465
2019-03-29,55.74,56.03,54.9,55.97,29956690
2019-04-01,56.52,57.84,56.26,57.84,40552195
2019-04-02,57.66,57.89,56.78,57.18,27394700
2019-04-03,57.46,59.23,57.43,58.36,39649320
2019-04-04,52.38,54.24,52.12,53.56,118603645
2019-04-05,53.97,55.22,53.22,54.99,65191285
2019-04-08,55.54,56.23,54.09,54.64,52052180
2019-04-09,54.33,55.0,53.92,54.46,29520155
2019-04-10,55.35,55.68,54.58,55.21,35306570
2019-04-11,53.66,54.1,53.12,53.68,49179635
2019-04-12,54.04,54.39,53.37,53.54,33729870
2019-04-15,53.73,53.78,51.73,53.28,50192895
2019-04-16,53.15,55.0,52.94,54.67,36364650
2019-04-17,54.95,54.96,53.71,54.25,25632340
2019-04-18,54.25,54.97,53.95,54.65,29381625
2019-04-22,53.8,53.94,52.5,52.55,60735705
2019-04-23,52.03,53.12,51.15,52.78,54719295
2019-04-24,52.77,53.06,51.6,51.73,53637270
2019-04-25,51.0,51.8,49.21,49.53,109246965
2019-04-26,49.3,49.34,46.23,47.03,111803545
2019-04-29,47.17,48.8,46.43,48.29,83572380
2019-04-30,48.41,48.84,47.4,47.74,47323140
2019-05-01,47.77,48.0,46.3,46.8,53521770
2019-05-02,49.1,49.43,47.54,48.82,90796695
2019-05-03,48.77,51.32,48.7,51.01,118533855
2019-05-06,50.0,51.67,49.7,51.07,54169715
2019-05-07,51.36,51.44,49.02,49.41,50657040
2019-05-08,49.39,50.12,48.84,48.97,30882200
2019-05-09,48.4,48.74,47.39,48.4,33556910
2019-05-10,47.95,48.4,47.2,47.9,35041680
2019-05-13,46.4,46.49,44.9,45.4,54173980
2019-05-14,45.86,46.9,45.6,46.46,36262060
2019-05-15,45.86,46.49,45.05,46.39,36479880
2019-05-16,45.9,46.2,45.3,45.67,37416365
2019-05-17,44.39,44.45,41.78,42.21,88933330
2019-05-20,40.56,41.2,39.05,41.07,102630975
2019-05-21,39.55,41.48,39.21,41.02,90019495
2019-05-22,39.82,40.79,38.36,38.55,93425935
2019-05-23,38.87,39.89,37.24,39.1,132735710
2019-05-24,39.97,40.0,37.75,38.13,70682860
2019-05-28,38.24,39.0,37.57,37.74,51564505
2019-05-29,37.42,38.48,37.01,37.97,59843190
2019-05-30,37.75,38.45,37.4,37.64,39632375
2019-05-31,37.02,37.98,36.82,37.03,52033660
2019-06-03,37.1,37.34,35.4,35.79,65322050
2019-06-04,36.22,38.8,35.92,38.72,69037610
2019-06-05,39.74,40.26,38.37,39.32,67553780
2019-06-06,40.89,42.2,40.36,41.19,101210755
2019-06-07,41.0,42.17,40.7,40.9,80017635
2019-06-10,42.05,43.39,41.8,42.58,52925195
2019-06-11,43.83,44.18,42.7,43.42,58267685
2019-06-12,44.59,44.68,41.8,41.85,75987720
2019-06-13,42.08,42.98,41.5,42.78,40841300
2019-06-14,42.25,43.33,42.08,42.98,37167010
2019-06-17,43.1,45.4,42.85,45.01,61584015
2019-06-18,45.74,46.95,44.51,44.95,63578940
2019-06-19,45.02,45.55,44.21,45.29,32875675
2019-06-20,44.6,45.38,43.27,43.92,59317310
2019-06-21,43.24,44.44,43.1,44.37,41010390
2019-06-24,44.65,45.17,44.2,44.73,28753855
2019-06-25,44.88,45.07,43.9,43.95,30910355
2019-06-26,44.06,45.45,43.62,43.85,42536040
2019-06-27,43.89,44.58,43.47,44.57,31698550
2019-06-28,44.2,45.03,44.16,44.69,34256920
2019-07-01,46.04,46.62,45.26,45.43,41189820
2019-07-02,45.78,45.83,44.44,44.91,46295135
2019-07-03,47.88,48.31,46.9,46.98,71005740
2019-07-05,46.91,47.09,46.16,46.62,35328690
2019-07-08,46.25,46.45,45.73,46.07,29402710
2019-07-09,45.79,46.2,45.46,46.01,30954175
2019-07-10,46.83,47.79,46.63,47.78,45728680
2019-07-11,47.63,48.3,47.16,47.72,37572150
2019-07-12,47.95,49.08,47.94,49.02,46002605
2019-07-15,49.6,50.88,48.97,50.7,55000460
2019-07-16,49.86,50.71,49.59,50.48,40744945
2019-07-17,51.13,51.66,50.67,50.97,48823635
2019-07-18,51.01,51.15,50.38,50.71,23822415
2019-07-19,51.14,51.99,50.92,51.64,35242050
2019-07-22,51.75,52.43,50.84,51.14,34231365
2019-07-23,51.34,52.1,50.9,52.03,25115605
2019-07-24,51.83,53.21,51.63,52.98,55364175
2019-07-25,46.7,46.9,45.11,45.76,112091260
2019-07-26,45.38,46.05,44.45,45.61,50138485
2019-07-29,45.42,47.19,45.21,47.15,46366655
2019-07-30,46.58,48.67,46.44,48.45,40545070
2019-07-31,48.6,49.34,47.33,48.32,45891040
2019-08-01,48.53,48.9,46.35,46.77,41297580
2019-08-02,46.27,47.25,45.85,46.87,30682405
2019-08-05,45.92,46.27,45.16,45.66,35141395
2019-08-06,46.38,46.5,45.15,46.15,27821000
2019-08-07,45.3,46.71,45.16,46.68,23882500
2019-08-08,46.89,47.96,46.53,47.66,26371745
2019-08-09,47.21,47.79,46.76,47.0,19491220
2019-08-12,46.6,47.15,45.75,45.8,23319685
2019-08-13,45.76,47.2,45.51,47.0,24344990
2019-08-14,46.24,46.3,43.34,43.92,47812955
2019-08-15,44.17,44.31,42.31,43.13,41159760
2019-08-16,43.33,44.45,43.2,43.99,26036880
2019-08-19,44.84,45.57,44.34,45.37,26558740
2019-08-20,45.52,45.82,44.91,45.17,20852635
2019-08-21,44.4,44.64,43.52,44.17,38998720
2019-08-22,44.56,45.08,43.64,44.43,32824820
2019-08-23,43.99,44.23,42.2,42.28,42798520
2019-08-26,42.72,43.0,42.31,43.0,25272070
2019-08-27,43.15,43.76,42.41,42.82,27103635
2019-08-28,42.74,43.45,42.46,43.12,16193125
2019-08-29,43.8,44.68,43.6,44.34,25915520
2019-08-30,45.83,46.49,44.84,45.12,46638875
2019-09-03,44.82,45.79,44.63,45.0,26802730
2019-09-04,45.38,45.69,43.84,44.14,28843480
2019-09-05,44.5,45.96,44.17,45.92,37016610
2019-09-06,45.44,45.93,45.03,45.49,20946860
2019-09-09,46.0,46.75,45.85,46.36,24013345
2019-09-10,46.16,47.11,45.79,47.11,24418570
2019-09-11,47.48,49.63,47.2,49.42,50213885
2019-09-12,49.54,50.7,48.88,49.17,42906050
2019-09-13,49.39,49.69,48.97,49.04,26565725
2019-09-16,49.2,49.49,48.23,48.56,23640480
2019-09-17,48.49,49.12,48.07,48.96,19734545
2019-09-18,49.0,49.63,48.47,48.7,21140515
2019-09-19,49.2,49.59,48.97,49.32,24415675
2019-09-20,49.3,49.39,47.63,48.12,32531320
2019-09-23,48.0,49.04,47.84,48.25,21958150
2019-09-24,48.3,48.4,44.52,44.64,64705560
2019-09-25,44.91,45.8,43.67,45.74,47221430
2019-09-26,46.13,48.66,45.48,48.51,60393925
2019-09-27,48.44,49.74,47.75,48.43,55615895
2019-09-30,48.6,48.8,47.22,48.17,29730805
2019-10-01,48.3,49.19,47.83,48.94,30981450
2019-10-02,48.66,48.93,47.89,48.63,31282740
2019-10-03,46.37,46.9,44.86,46.61,75688815
2019-10-04,46.32,46.96,45.61,46.29,40105900
2019-10-07,45.96,47.71,45.71,47.54,40434785
2019-10-08,47.17,48.79,46.9,48.01,43511690
2019-10-09,48.26,49.46,48.13,48.91,34675165
2019-10-10,49.06,49.86,48.32,48.95,31567085
2019-10-11,49.43,50.22,49.36,49.58,42440795
2019-10-14,49.58,51.71,49.43,51.39,51134315
2019-10-15,51.54,52.0,50.82,51.58,32397280
2019-10-16,51.48,52.42,51.38,51.95,33521515
2019-10-17,52.5,52.96,52.03,52.39,23895215
2019-10-18,52.14,52.56,51.02,51.39,28768330
2019-10-21,51.67,51.9,50.04,50.7,25540505
2019-10-22,50.86,51.67,50.17,51.12,23125475
2019-10-23,50.9,51.23,50.27,50.94,56080910
2019-10-24,59.67,60.99,57.84,59.94,149096155
2019-10-25,59.54,66.0,59.22,65.63,150030455
2019-10-28,65.51,68.17,64.52,65.54,94351430
2019-10-29,64.0,64.86,62.95,63.24,63421335
2019-10-30,62.6,63.76,61.99,63.0,48209050
2019-10-31,62.62,63.8,62.6,62.98,25334780
2019-11-01,63.26,63.3,61.96,62.66,31919645
2019-11-04,62.96,64.39,61.85,63.49,43935200
2019-11-05,63.92,64.7,63.22,63.44,34717085
2019-11-06,63.6,65.34,62.9,65.32,39704660
2019-11-07,65.83,68.3,65.6,67.11,72336740
2019-11-08,66.9,67.49,66.5,67.43,30371105
2019-11-11,68.79,69.84,68.4,69.02,49968445
2019-11-12,69.38,70.07,68.81,69.99,36796915
2019-11-13,71.0,71.27,69.04,69.22,42339315
2019-11-14,69.22,70.77,68.58,69.87,32358515
2019-11-15,70.13,70.56,69.67,70.43,24062815
2019-11-18,70.58,70.63,69.22,70.0,22042525
2019-11-19,70.35,72.0,69.56,71.9,38680390
2019-11-20,72.0,72.24,69.91,70.44,33669825
2019-11-21,70.9,72.17,70.8,70.97,30550065
2019-11-22,68.03,68.2,66.0,66.61,84353210
2019-11-25,68.86,68.91,66.89,67.27,61728825
2019-11-26,67.05,67.1,65.42,65.78,39781195
2019-11-27,66.22,66.79,65.71,66.26,27817295
2019-11-29,66.22,66.25,65.5,65.99,12328145
2019-12-02,65.88,67.28,65.74,66.97,30409930
2019-12-03,66.52,67.58,66.44,67.24,33067380
2019-12-04,67.55,67.57,66.57,66.61,27681275
2019-12-05,66.57,66.88,65.45,66.07,18684880
2019-12-06,67.0,67.77,66.95,67.18,38094685
2019-12-09,67.32,68.89,67.02,67.91,45201085
2019-12-10,67.99,70.15,67.86,69.77,44199755
2019-12-11,70.38,71.44,70.22,70.54,34595810
2019-12-12,70.98,72.55,70.65,71.94,38881055
2019-12-13,72.21,73.04,70.93,71.68,32871405
2019-12-16,72.51,76.72,72.5,76.3,91104700
2019-12-17,75.8,77.1,75.18,75.8,42518875
2019-12-18,76.13,79.04,76.12,78.63,70681960
2019-12-19,79.46,81.37,79.3,80.81,90601535
2019-12-20,82.06,82.6,80.04,81.12,73926030
2019-12-23,82.36,84.4,82.0,83.84,66664105
2019-12-24,83.67,85.09,82.54,85.05,40273600
2019-12-26,85.58,86.7,85.27,86.19,53241445
2019-12-27,87.0,87.06,85.22,86.08,49784135
2019-12-30,85.76,85.8,81.85,82.94,63006325
2019-12-31,81.0,84.26,80.42,83.67,51462280
2020-01-02,84.9,86.14,84.34,86.05,47791930
2020-01-03,88.1,90.8,87.38,88.6,88973485
2020-01-06,88.09,90.31,88.0,90.31,50787495
2020-01-07,92.28,94.33,90.67,93.81,91045690
2020-01-08,94.74,99.7,93.65,98.43,155996965
2020-01-09,99.42,99.76,94.57,96.27,142315930
2020-01-10,96.36,96.99,94.74,95.63,64884160
2020-01-13,98.7,105.13,98.4,104.97,133172735
2020-01-14,108.85,109.48,104.98,107.58,145306885
2020-01-15,105.95,107.57,103.36,103.7,86844155
2020-01-16,98.75,102.89,98.43,102.7,108683265
2020-01-17,101.52,103.13,100.63,102.1,68145365
2020-01-21,106.05,109.72,105.68,109.44,89017355
2020-01-22,114.38,118.9,111.82,113.91,156845140
2020-01-23,112.85,116.4,111.12,114.44,98255210
2020-01-24,114.13,114.77,110.85,112.96,71768000
2020-01-27,108.4,112.89,107.86,111.6,68040340
2020-01-28,113.7,115.36,111.62,113.38,58942465
2020-01-29,115.14,117.96,113.49,116.2,91083360
2020-01-30,126.48,130.18,123.6,128.16,145028380
2020-01-31,128.0,130.6,126.5,130.11,78596330
2020-02-03,134.74,157.23,134.7,156.0,236167475
2020-02-04,176.59,193.8,166.78,177.41,304693790
2020-02-05,164.65,169.2,140.82,146.94,242119185
2020-02-06,139.98,159.17,137.4,149.79,199403760
2020-02-07,146.11,153.95,146.0,149.61,85317605
2020-02-10,160.0,164.0,150.48,154.26,123445815
2020-02-11,153.76,156.7,151.6,154.88,58487365
2020-02-12,155.57,157.95,152.67,153.46,60112350
2020-02-13,148.37,163.6,147.0,160.8,131446740
2020-02-14,157.44,162.59,157.1,160.01,78468555
2020-02-18,168.32,172.0,166.47,171.68,83491845
2020-02-19,184.7,188.96,180.2,183.48,127114790
2020-02-20,182.39,182.4,171.99,179.88,88174465
2020-02-21,181.4,182.61,176.09,180.2,71697230
2020-02-24,167.8,172.7,164.44,166.76,75960815
2020-02-25,169.8,171.32,157.4,159.98,86452405
2020-02-26,156.5,162.66,155.22,155.76,70769215
2020-02-27,146.0,147.95,133.8,135.8,121385800
2020-02-28,125.94,138.1,122.3,133.6,122820855
2020-03-02,142.25,148.74,137.33,148.72,100974955
2020-03-03,161.0,161.4,143.22,149.1,128920015
2020-03-04,152.79,153.3,144.95,149.9,75244885
2020-03-05,144.75,149.15,143.61,144.91,54263285
2020-03-06,138.0,141.4,136.85,140.7,63314590
2020-03-09,121.08,132.6,121.0,121.6,85368700
2020-03-10,131.89,133.6,121.6,129.07,77972215
2020-03-11,128.04,130.72,122.6,126.85,67067935
2020-03-12,116.18,118.9,109.25,112.11,94545260
2020-03-13,119.0,121.51,100.4,109.32,113201270
2020-03-16,93.9,98.97,88.43,89.01,102447320
2020-03-17,88.0,94.37,79.2,86.04,119972900
2020-03-18,77.8,80.97,70.1,72.24,118930810
2020-03-19,74.94,90.4,71.69,85.53,150977300
2020-03-20,87.64,95.4,85.16,85.51,141427510
2020-03-23,86.72,88.4,82.1,86.86,82272745
2020-03-24,95.46,102.74,94.8,101.0,114475850
2020-03-25,109.05,111.4,102.22,107.85,106113725
2020-03-26,109.48,112.0,102.45,105.63,87110410
2020-03-27,101.0,105.16,98.81,102.87,71887040
2020-03-30,102.05,103.33,98.25,100.43,59990335
2020-03-31,100.25,108.59,99.4,104.8,88857425
2020-04-01,100.8,102.79,95.02,96.31,66765900
2020-04-02,96.21,98.85,89.28,90.89,99292135
2020-04-03,101.9,103.1,93.68,96.0,112810380
2020-04-06,102.24,104.2,99.59,103.25,74509180
2020-04-07,109.0,113.0,106.47,109.09,89598920
2020-04-08,110.84,111.44,106.67,109.77,63280120
2020-04-09,112.42,115.04,111.42,114.6,68250000
2020-04-13,118.03,130.4,116.11,130.19,112377105
2020-04-14,139.79,148.38,138.49,141.98,152882555
2020-04-15,148.4,150.63,142.0,145.97,117885005
2020-04-16,143.39,151.89,141.34,149.04,103289310
2020-04-17,154.46,154.99,149.53,150.78,65641185
2020-04-20,146.54,153.11,142.44,149.27,73732885
2020-04-21,146.02,150.67,134.76,137.34,101045465
2020-04-22,140.8,146.8,137.74,146.42,71124155
2020-04-23,145.52,146.8,140.63,141.13,66183485
2020-04-24,142.16,146.15,139.64,145.03,66188060
2020-04-27,147.52,159.9,147.0,159.75,103407210
2020-04-28,159.13,161.0,151.34,153.82,76109820
2020-04-29,158.03,160.64,156.63,160.1,81079910
2020-04-30,171.04,173.96,152.7,156.38,142359270
2020-05-01,151.0,154.55,136.61,140.26,162659035
2020-05-04,140.2,152.4,139.6,152.24,96185450
2020-05-05,157.96,159.78,152.44,153.64,84958280
2020-05-06,155.3,157.96,152.22,156.52,55616155
2020-05-07,155.44,159.28,154.47,156.01,57638430
2020-05-08,158.75,164.8,157.4,163.88,80650435
2020-05-11,158.1,164.8,157.0,162.26,82598005
2020-05-12,165.4,168.66,161.6,161.88,79534525
2020-05-13,164.17,165.2,152.66,158.19,95327455
2020-05-14,156.0,160.67,152.8,160.67,68410940
2020-05-15,158.07,161.01,157.31,159.83,52592140
2020-05-18,165.56,166.94,160.78,162.73,58490510
2020-05-19,163.03,164.41,161.22,161.6,48182610
2020-05-20,164.1,165.2,162.36,163.11,36546355
2020-05-21,163.2,166.5,159.2,165.52,61272920
2020-05-22,164.44,166.36,162.4,163.38,49937375
2020-05-26,166.9,166.92,163.14,163.77,40448680
2020-05-27,164.17,165.54,157.0,164.05,57747650
2020-05-28,162.7,164.95,160.34,161.16,36378870
2020-05-29,161.75,167.0,160.84,167.0,59062445
2020-06-01,171.6,179.8,170.82,179.62,75426485
2020-06-02,178.94,181.73,174.2,176.31,67827980
2020-06-03,177.62,179.59,176.02,176.59,39747345
2020-06-04,177.98,179.15,171.69,172.88,44438565
2020-06-05,175.57,177.3,173.24,177.13,39059585
2020-06-08,183.8,190.0,181.83,189.98,70873635
2020-06-09,188.0,190.89,184.79,188.13,56940770
2020-06-10,198.38,205.5,196.5,205.01,92817065
2020-06-11,198.04,203.79,194.4,194.57,79582410
2020-06-12,196.0,197.6,182.52,187.06,83816870
2020-06-15,183.56,199.77,181.7,198.18,78485890
2020-06-16,202.37,202.58,192.48,196.43,70255390
2020-06-17,197.54,201.0,196.51,198.36,49454000
2020-06-18,200.6,203.84,198.89,200.79,48759680
2020-06-19,202.56,203.19,198.27,200.18,43398745
2020-06-22,199.99,201.78,198.0,198.86,31811750
2020-06-23,199.78,202.4,198.8,200.36,31826355
2020-06-24,198.82,200.18,190.63,192.17,54797965
2020-06-25,190.85,197.2,187.43,197.2,46272745
2020-06-26,198.96,199.0,190.97,191.95,44274540
2020-06-29,193.8,202.0,189.7,201.87,45132020
2020-06-30,201.3,217.54,200.75,215.96,84592505
2020-07-01,216.6,227.07,216.1,223.93,66634480
2020-07-02,244.3,245.6,237.12,241.73,86250575
2020-07-06,255.34,275.56,253.21,274.32,102849320
2020-07-07,281.0,285.9,267.34,277.97,107448305
2020-07-08,281.0,283.45,262.27,273.18,81556560
2020-07-09,279.4,281.71,270.26,278.86,58587990
2020-07-10,279.2,309.78,275.2,308.93,116687765
2020-07-13,331.8,359.0,294.22,299.41,194926810
2020-07-14,311.2,318.0,286.2,303.36,117090700
2020-07-15,308.6,310.0,291.4,309.2,81839145
2020-07-16,295.43,306.34,293.2,300.13,71503925
2020-07-17,302.69,307.5,298.0,300.17,46649860
2020-07-20,303.8,330.0,297.6,328.6,85606835
2020-07-21,327.99,335.0,311.6,313.67,80786400
2020-07-22,319.8,325.28,312.4,318.47,70805400
2020-07-23,335.79,337.8,296.15,302.61,121642520
2020-07-24,283.2,293.0,273.31,283.4,96983080
2020-07-27,287.0,309.59,282.6,307.92,80243345
2020-07-28,300.8,312.94,294.88,295.3,79043500
2020-07-29,300.2,306.96,297.4,299.82,47134465
2020-07-30,297.6,302.65,294.2,297.5,38105195
2020-07-31,303.0,303.41,284.2,286.15,61234800
2020-08-03,289.84,301.96,288.88,297.0,44046730
2020-08-04,299.0,305.48,292.4,297.4,42074950
2020-08-05,298.6,299.97,293.66,297.0,24890075
2020-08-06,298.17,303.46,295.45,297.92,29961565
2020-08-07,299.91,299.95,283.0,290.54,44482100
2020-08-10,289.6,291.5,277.17,283.71,37611320
2020-08-11,279.2,284.0,273.0,274.88,43129170
2020-08-12,294.0,317.0,287.0,310.95,109494170
2020-08-13,322.2,330.24,313.45,324.2,102126540
2020-08-14,333.0,333.76,325.33,330.14,62888070
2020-08-17,335.4,369.17,334.57,367.13,101211615
2020-08-18,379.8,384.78,369.02,377.42,82372455
2020-08-19,373.0,382.2,368.24,375.71,61026655
2020-08-20,372.14,404.4,371.41,400.37,103058980
2020-08-21,408.95,419.1,405.01,410.0,107447795
2020-08-24,425.26,425.8,385.5,402.84,100318105
2020-08-25,394.98,405.59,393.6,404.67,53294465
2020-08-26,412.0,433.2,410.73,430.63,71196910
2020-08-27,436.09,459.12,428.5,447.75,118465215
2020-08-28,459.02,463.7,437.3,442.68,100405880
2020-08-31,444.61,500.14,440.11,498.32,118374406
2020-09-01,502.14,502.49,470.51,475.05,90119419
2020-09-02,478.99,479.04,405.12,447.37,96176128
2020-09-03,407.23,431.8,402.0,407.0,87596086
2020-09-04,402.81,428.0,372.02,418.32,110321885
